K,Best_Silhouette,Best_Cost,Best_Run
2,0.6822048027847688,23.19129555586152,17
3,0.2462871321824044,19.749739350225653,17
4,0.17926046092102815,19.188970699917682,33
5,0.17642456995888053,12.048836170803105,28
6,0.2222869768216339,6.789502477718193,3
7,0.20649803456372326,18.13323993874144,37
8,0.19472801772333515,17.893412223649637,22
9,0.20263873546721772,6.487075133867162,42
10,0.17319371102253261,11.198265352271179,39
